YYYY-MM;Q1, Q2 o vacio (mensual);Codigo de obra. 2,3 o 4 letras;familia del dato;Nombre puntual del dato;El número;$ o U$D;libre opcional;;;;;
periodo;quincena;obra;categoria;metrica;valor;moneda;notas;;;;;
2025-12;Q2;ARN;Horas;Hs reales;220;;;;;;;
2026-01;Q1;ARN;Horas;Hs reales;442;;;;;;;
2026-01;Q2;ARN;Horas;Hs reales;448;;;;;;;
2026-02;Q1;ARN;Horas;Hs reales;510;;;;;;;
2026-02;Q2;ARN;Horas;Hs reales;680;;;;;;;
2026-03;Q1;ARN;Horas;Hs reales;1027;;;;;;;
2026-03;Q2;ARN;Horas;Hs reales;1229;;;;;;;
2026-04;Q1;ARN;Horas;Hs reales;1255;;;;;;;
2026-04;Q2;ARN;Horas;Hs reales;1587;;;;;;;
2026-05;Q1;ARN;Horas;Hs reales;1511;;;;;;;
2026-05;Q2;ARN;Horas;Hs reales;1648;;;;;;;
2026-06;Q1;ARN;Horas;Hs reales;1469;;;;;;;
2026-06;Q2;ARN;Horas;Hs reales;1811;;;;;;;
2026-07;Q1;ARN;Horas;Hs reales;1894;;;;;;;
2026-07;Q2;ARN;Horas;Hs reales;0;;;;;;;
2025-12;Q2;ARN;Productividad;Martella;1.078391229;;;;;;;
2026-01;Q1;ARN;Productividad;Martella;1.098651561;;;;;;;
2026-01;Q2;ARN;Productividad;Martella;1.108732677;;;;;;;
2026-02;Q1;ARN;Productividad;Martella;1.09307491;;;;;;;
2026-02;Q2;ARN;Productividad;Martella;1.065890452;;;;;;;
2026-03;Q1;ARN;Productividad;Martella;1.052659362;;;;;;;
2026-03;Q2;ARN;Productividad;Martella;1.030339889;;;;;;;
2026-04;Q1;ARN;Productividad;Martella;0.986948701;;;;;;;
2026-04;Q2;ARN;Productividad;Martella;1.015827858;;;;;;;
2026-05;Q1;ARN;Productividad;Martella;1.031082699;;;;;;;
2026-05;Q2;ARN;Productividad;Martella;1.046973202;;;;;;;
2026-06;Q1;ARN;Productividad;Martella;1.028376128;;;;;;;
2026-06;Q2;ARN;Productividad;Martella;1.012523292;;;;;;;
2026-07;Q1;ARN;Productividad;Martella;0.984759006;;;;;;;
2026-07;Q2;ARN;Productividad;Martella;0;;;;;;;
2025-12;Q2;ARN;Productividad;The Rock;0.905409091;;;;;;;
2026-01;Q1;ARN;Productividad;The Rock;0.690723982;;;;;;;
2026-01;Q2;ARN;Productividad;The Rock;0.75578125;;;;;;;
2026-02;Q1;ARN;Productividad;The Rock;1.145960784;;;;;;;
2026-02;Q2;ARN;Productividad;The Rock;0.588117647;;;;;;;
2026-03;Q1;ARN;Productividad;The Rock;0.528636806;;;;;;;
2026-03;Q2;ARN;Productividad;The Rock;0.621952807;;;;;;;
2026-04;Q1;ARN;Productividad;The Rock;0.99689243;;;;;;;
2026-04;Q2;ARN;Productividad;The Rock;0.5856401;;;;;;;
2026-05;Q1;ARN;Productividad;The Rock;0.507341415;;;;;;;
2026-05;Q2;ARN;Productividad;The Rock;0.885709951;;;;;;;
2026-06;Q1;ARN;Productividad;The Rock;1.512334922;;;;;;;
2026-06;Q2;ARN;Productividad;The Rock;0.741380453;;;;;;;
2026-07;Q1;ARN;Productividad;The Rock;0.727856786;;;;;;;
2026-07;Q2;ARN;Productividad;The Rock;0;;;;;;;
2025-12;;ARN;Productividad;Martella pond mensual;1.078391229;;;;;;;
2026-01;;ARN;Productividad;Martella pond mensual;1.103726101;;;;;;;
2026-02;;ARN;Productividad;Martella pond mensual;1.077540934;;;;;;;
2026-03;;ARN;Productividad;Martella pond mensual;1.040500394;;;;;;;
2026-04;;ARN;Productividad;Martella pond mensual;1.003075099;;;;;;;
2026-05;;ARN;Productividad;Martella pond mensual;1.039372521;;;;;;;
2026-06;;ARN;Productividad;Martella pond mensual;1.019623236;;;;;;;
2026-07;;ARN;Productividad;Martella pond mensual;0.984759006;;;;;;;
2025-12;;ARN;Productividad;The Rock pond mensual;0.905409091;;;;;;;
2026-01;;ARN;Productividad;The Rock pond mensual;0.72347191;;;;;;;
2026-02;;ARN;Productividad;The Rock pond mensual;0.827193277;;;;;;;
2026-03;;ARN;Productividad;The Rock pond mensual;0.579472518;;;;;;;
2026-04;;ARN;Productividad;The Rock pond mensual;0.767245193;;;;;;;
2026-05;;ARN;Productividad;The Rock pond mensual;0.704730256;;;;;;;
2026-06;;ARN;Productividad;The Rock pond mensual;1.086664634;;;;;;;
2026-07;;ARN;Productividad;The Rock pond mensual;0.727856786;;;;;;;
2025-12;;ARN;Productividad;Martella pond acumulado;1.078391229;;;;;;;
2026-01;;ARN;Productividad;Martella pond acumulado;1.098704775;;;;;;;
2026-02;;ARN;Productividad;Martella pond acumulado;1.087754788;;;;;;;
2026-03;;ARN;Productividad;Martella pond acumulado;1.064355773;;;;;;;
2026-04;;ARN;Productividad;Martella pond acumulado;1.040814319;;;;;;;
2026-05;;ARN;Productividad;Martella pond acumulado;1.040382886;;;;;;;
2026-06;;ARN;Productividad;Martella pond acumulado;1.035461902;;;;;;;
2026-07;;ARN;Productividad;Martella pond acumulado;1.029357313;;;;;;;
2025-12;;ARN;Productividad;The Rock pond acumulado;0.905409091;;;;;;;
2026-01;;ARN;Productividad;The Rock pond acumulado;0.759531532;;;;;;;
2026-02;;ARN;Productividad;The Rock pond acumulado;0.79453913;;;;;;;
2026-03;;ARN;Productividad;The Rock pond acumulado;0.688044337;;;;;;;
2026-04;;ARN;Productividad;The Rock pond acumulado;0.71846997;;;;;;;
2026-05;;ARN;Productividad;The Rock pond acumulado;0.714358598;;;;;;;
2026-06;;ARN;Productividad;The Rock pond acumulado;0.802612106;;;;;;;
2026-07;;ARN;Productividad;The Rock pond acumulado;0.793611625;;;;;;;
2025-12;;ARN;;Pase licitacion;1.34;;;;;;;
2026-01;;ARN;;Pase licitacion;1.37;;;;;;;
2026-02;;ARN;;Pase licitacion;1.32;;;;;;;
2026-03;;ARN;;Pase licitacion;1.32;;;;;;;
2026-04;;ARN;;Pase licitacion;1.32;;;;;;;
2026-05;;ARN;;Pase licitacion;1.315346771;;;;;;;
2026-06;;ARN;;Pase licitacion;1.315346771;;;;;;;
2025-12;;ARN;Pases;Pase esperado;1.33;;;;;;;
2026-01;;ARN;Pases;Pase esperado;1.35;;;;;;;
2026-02;;ARN;Pases;Pase esperado;1.28;;;;;;;
2026-03;;ARN;Pases;Pase esperado;1.26;;;;;;;
2026-04;;ARN;Pases;Pase esperado;1.23;;;;;;;
2026-05;;ARN;Pases;Pase esperado;1.196725138;;;;;;;
2026-06;;ARN;Pases;Pase esperado;1.184258255;;;;;;;
2025-12;;ARN;Pases;Coef de pase;1.007518797;;;;;;;
2026-01;;ARN;Pases;Coef de pase;1.014814815;;;;;;;
2026-02;;ARN;Pases;Coef de pase;1.03125;;;;;;;
2026-03;;ARN;Pases;Coef de pase;1.047619048;;;;;;;
2026-04;;ARN;Pases;Coef de pase;1.073170732;;;;;;;
2026-05;;ARN;Pases;Coef de pase;1.099121869;;;;;;;
2026-06;;ARN;Pases;Coef de pase;1.110692508;;;;;;;
2025-12;Q2;ARN;Certificados;Certificado real;2209750.112;$;;;;;;
2026-01;Q1;ARN;Certificados;Certificado real;30185542.23;$;;;;;;
2026-01;Q2;ARN;Certificados;Certificado real;49576593.61;$;;;;;;
2026-02;Q1;ARN;Certificados;Certificado real;9821138.818;$;;;;;;
2026-02;Q2;ARN;Certificados;Certificado real;3905781.406;$;;;;;;
2026-03;Q1;ARN;Certificados;Certificado real;4031774.916;$;;;;;;
2026-03;Q2;ARN;Certificados;Certificado real;7803823.804;$;;;;;;
2026-04;Q1;ARN;Certificados;Certificado real;14630430.51;$;;;;;;
2026-04;Q2;ARN;Certificados;Certificado real;10795976.04;$;;;;;;
2026-05;Q1;ARN;Certificados;Certificado real;8962994.282;$;;;;;;
2026-05;Q2;ARN;Certificados;Certificado real;17100403.74;$;;;;;;
2026-06;Q1;ARN;Certificados;Certificado real;16170630.44;$;;;;;;
2026-06;Q2;ARN;Certificados;Certificado real;13480765.33;$;;;;;;
2026-07;Q1;ARN;Certificados;Certificado real;12103274.54;$;;;;;;
2026-07;Q2;ARN;Certificados;Certificado real;32618732.2;$;;;;;;
2026-08;Q1;ARN;Certificados;Certificado real;26733010.07;$;;;;;;
2026-08;Q2;ARN;Certificados;Certificado real;41732769.62;$;;;;;;
2026-09;Q1;ARN;Certificados;Certificado real;33949123.38;$;;;;;;
2026-09;Q2;ARN;Certificados;Certificado real;29593598.5;$;;;;;;
2025-12;Q2;ARN;Certificados;Certificado previsto;40552389.62;$;;;;;;
2026-01;Q1;ARN;Certificados;Certificado previsto;22149020.19;$;;;;;;
2026-01;Q2;ARN;Certificados;Certificado previsto;65935378.5;$;;;;;;
2026-02;Q1;ARN;Certificados;Certificado previsto;10624632.35;$;;;;;;
2026-02;Q2;ARN;Certificados;Certificado previsto;6832222.221;$;;;;;;
2026-03;Q1;ARN;Certificados;Certificado previsto;5222815.428;$;;;;;;
2026-03;Q2;ARN;Certificados;Certificado previsto;9280174.409;$;;;;;;
2026-04;Q1;ARN;Certificados;Certificado previsto;15811312.32;$;;;;;;
2026-04;Q2;ARN;Certificados;Certificado previsto;11692152.67;$;;;;;;
2026-05;Q1;ARN;Certificados;Certificado previsto;8434977.458;$;;;;;;
2026-05;Q2;ARN;Certificados;Certificado previsto;16018011.92;$;;;;;;
2026-06;Q1;ARN;Certificados;Certificado previsto;15593059.89;$;;;;;;
2026-06;Q2;ARN;Certificados;Certificado previsto;30073556.11;$;;;;;;
2026-07;Q1;ARN;Certificados;Certificado previsto;12213646.84;$;;;;;;
2026-07;Q2;ARN;Certificados;Certificado previsto;32916189.26;$;;;;;;
2026-08;Q1;ARN;Certificados;Certificado previsto;26976794;$;;;;;;
2026-08;Q2;ARN;Certificados;Certificado previsto;42113339.51;$;;;;;;
2026-01;Q2;ARN;Certificados;Adicionales;3646247;$;;;;;;
2026-03;Q1;ARN;Certificados;Adicionales;2116769;$;;;;;;
2026-03;Q2;ARN;Certificados;Adicionales;907187;$;;;;;;
2026-06;Q1;ARN;Certificados;Adicionales;11347500;$;;;;;;
2026-06;Q2;ARN;Certificados;Adicionales;3782500;$;;;;;;
2025-12;Q2;ARN;Certificados;Avance acumulado;0.002876901;;;;;;;
2026-01;Q1;ARN;Certificados;Avance acumulado;0.042175838;;;;;;;
2026-01;Q2;ARN;Certificados;Avance acumulado;0.106720229;;;;;;;
2026-02;Q1;ARN;Certificados;Avance acumulado;0.119506493;;;;;;;
2026-02;Q2;ARN;Certificados;Avance acumulado;0.124591479;;;;;;;
2026-03;Q1;ARN;Certificados;Avance acumulado;0.129840497;;;;;;;
2026-03;Q2;ARN;Certificados;Avance acumulado;0.140000393;;;;;;;
2026-04;Q1;ARN;Certificados;Avance acumulado;0.159047935;;;;;;;
2026-04;Q2;ARN;Certificados;Avance acumulado;0.173103352;;;;;;;
2026-05;Q1;ARN;Certificados;Avance acumulado;0.184772387;;;;;;;
2026-05;Q2;ARN;Certificados;Avance acumulado;0.207035617;;;;;;;
2026-06;Q1;ARN;Certificados;Avance acumulado;0.228088364;;;;;;;
2026-06;Q2;ARN;Certificados;Avance acumulado;0.245639142;;;;;;;
2026-03;Q2;ARN;Proyeccion;Avance proyectado;0.1758075;;;;;;;
2026-04;Q2;ARN;Proyeccion;Avance proyectado;0.204939006;;;;;;;
2026-05;Q2;ARN;Proyeccion;Avance proyectado;0.266489559;;;;;;;
2026-06;Q1;ARN;Proyeccion;Avance proyectado;0.227336418;;;;;;;
2026-06;Q2;ARN;Proyeccion;Avance proyectado;0.266489559;;;;;;;
2026-07;Q1;ARN;Proyeccion;Avance proyectado;0.261396547;;;;;;;
2026-07;Q2;ARN;Proyeccion;Avance proyectado;0.303863285;;;;;;;
2026-08;Q1;ARN;Proyeccion;Avance proyectado;0.338667327;;;;;;;
2026-08;Q2;ARN;Proyeccion;Avance proyectado;0.392999744;;;;;;;
2025-12;Q2;ARN;Certificados;Avance inicial;0.052795666;;;;;;;
2026-01;Q1;ARN;Certificados;Avance inicial;0.115907998;;;;;;;
2026-01;Q2;ARN;Certificados;Avance inicial;0.126110357;;;;;;;
2026-02;Q1;ARN;Certificados;Avance inicial;0.139684641;;;;;;;
2026-02;Q2;ARN;Certificados;Avance inicial;0.15831138;;;;;;;
2026-03;Q1;ARN;Certificados;Avance inicial;0.18356034;;;;;;;
2026-03;Q2;ARN;Certificados;Avance inicial;0.208627648;;;;;;;
2026-04;Q1;ARN;Certificados;Avance inicial;0.233742631;;;;;;;
2026-04;Q2;ARN;Certificados;Avance inicial;0.268272638;;;;;;;
2026-05;Q1;ARN;Certificados;Avance inicial;0.302105845;;;;;;;
2026-05;Q2;ARN;Certificados;Avance inicial;0.334854689;;;;;;;
2026-06;Q1;ARN;Certificados;Avance inicial;0.367916302;;;;;;;
2026-06;Q2;ARN;Certificados;Avance inicial;0.400977915;;;;;;;
2026-07;Q1;ARN;Certificados;Avance inicial;0.433979304;;;;;;;
2026-07;Q2;ARN;Certificados;Avance inicial;0.466323913;;;;;;;
2026-08;Q1;ARN;Certificados;Avance inicial;0.513259827;;;;;;;
2026-08;Q2;ARN;Certificados;Avance inicial;0.566344431;;;;;;;
2026-03;Q2;DELG;Horas;Hs reales;195;;;;;;;
2026-04;Q1;DELG;Horas;Hs reales;236;;;;;;;
2026-04;Q2;DELG;Horas;Hs reales;355;;;;;;;
2026-05;Q1;DELG;Horas;Hs reales;721;;;;;;;
2026-05;Q2;DELG;Horas;Hs reales;763;;;;;;;
2026-06;Q1;DELG;Horas;Hs reales;727;;;;;;;
2026-06;Q2;DELG;Horas;Hs reales;905;;;;;;;
2026-07;Q1;DELG;Horas;Hs reales;1003;;;;;;;
2026-07;Q2;DELG;Horas;Hs reales;0;;;;;;;
2026-03;Q2;DELG;Productividad;Martella;0.916823864;;;;;;;
2026-04;Q1;DELG;Productividad;Martella;0.926884396;;;;;;;
2026-04;Q2;DELG;Productividad;Martella;0.939019282;;;;;;;
2026-05;Q1;DELG;Productividad;Martella;0.994256296;;;;;;;
2026-05;Q2;DELG;Productividad;Martella;1.000696319;;;;;;;
2026-06;Q1;DELG;Productividad;Martella;1.007290151;;;;;;;
2026-06;Q2;DELG;Productividad;Martella;1.011317736;;;;;;;
2026-07;Q1;DELG;Productividad;Martella;1.025997652;;;;;;;
2026-07;Q2;DELG;Productividad;Martella;0;;;;;;;
2026-03;Q2;DELG;Productividad;The Rock;0.12;;;;;;;
2026-04;Q1;DELG;Productividad;The Rock;0.12;;;;;;;
2026-04;Q2;DELG;Productividad;The Rock;0.12;;;;;;;
2026-05;Q1;DELG;Productividad;The Rock;0.80893531;;;;;;;
2026-05;Q2;DELG;Productividad;The Rock;0.80893531;;;;;;;
2026-06;Q1;DELG;Productividad;The Rock;0.72216299;;;;;;;
2026-06;Q2;DELG;Productividad;The Rock;0.72216299;;;;;;;
2026-07;Q1;DELG;Productividad;The Rock;0;;;;;;;
2026-07;Q2;DELG;Productividad;The Rock;0;;;;;;;
2026-03;;DELG;Productividad;Martella pond mensual;0.916823864;;;;;;;
2026-04;;DELG;Productividad;Martella pond mensual;0.926884396;;;;;;;
2026-05;;DELG;Productividad;Martella pond mensual;0.994256296;;;;;;;
2026-06;;DELG;Productividad;Martella pond mensual;1.007290151;;;;;;;
2026-07;;DELG;Productividad;Martella pond mensual;1.025997652;;;;;;;
2026-04;;DELG;Productividad;The Rock pond mensual;0.12;;;;;;;
2026-05;;DELG;Productividad;The Rock pond mensual;0.80893531;;;;;;;
2026-06;;DELG;Productividad;The Rock pond mensual;0.72216299;;;;;;;
2026-07;;DELG;Productividad;The Rock pond mensual;0;;;;;;;
2026-03;;DELG;Productividad;Martella pond acumulado;0.916823864;;;;;;;
2026-04;;DELG;Productividad;Martella pond acumulado;0.929869232;;;;;;;
2026-05;;DELG;Productividad;Martella pond acumulado;0.974126562;;;;;;;
2026-06;;DELG;Productividad;Martella pond acumulado;0.988931263;;;;;;;
2026-03;;DELG;Productividad;The Rock pond acumulado;0.12;;;;;;;
2026-04;;DELG;Productividad;The Rock pond acumulado;0.12;;;;;;;
2026-05;;DELG;Productividad;The Rock pond acumulado;0.570387665;;;;;;;
2026-06;;DELG;Productividad;The Rock pond acumulado;0.633867248;;;;;;;
2026-03;;DELG;;Pase licitacion;1.313765268;;;;;;;
2026-04;;DELG;;Pase licitacion;1.313765268;;;;;;;
2026-05;;DELG;;Pase licitacion;1.313765268;;;;;;;
2026-06;;DELG;;Pase licitacion;1.313765268;;;;;;;
2026-03;;DELG;Pases;Pase esperado;1.33;;;;;;;
2026-04;;DELG;Pases;Pase esperado;1.29;;;;;;;
2026-05;;DELG;Pases;Pase esperado;1.288327807;;;;;;;
2026-06;;DELG;Pases;Pase esperado;1.22999101;;;;;;;
2026-03;;DELG;Pases;Coef de pase;0.984962406;;;;;;;
2026-04;;DELG;Pases;Coef de pase;1.015503876;;;;;;;
2026-05;;DELG;Pases;Coef de pase;1.019744557;;;;;;;
2026-06;;DELG;Pases;Coef de pase;1.068109651;;;;;;;
2026-03;;DELG;Certificados;Certificado real;0;$;;;;;;
2026-04;;DELG;Certificados;Certificado real;10198272.11;$;;;;;;
2026-05;;DELG;Certificados;Certificado real;34215148.19;$;;;;;;
2026-06;;DELG;Certificados;Certificado real;30718921.36;$;;;;;;
2026-07;;DELG;Certificados;Certificado real;40922995.8;$;;;;;;
2026-08;;DELG;Certificados;Certificado real;49325972.43;$;;;;;;
2026-04;;DELG;Certificados;Certificado previsto;10198272.11;$;;;;;;
2026-05;;DELG;Certificados;Certificado previsto;28321400.07;$;;;;;;
2026-06;;DELG;Certificados;Certificado previsto;32409011.94;$;;;;;;
2026-07;;DELG;Certificados;Certificado previsto;30718921.36;$;;;;;;
2026-08;;DELG;Certificados;Certificado previsto;40922995.8;$;;;;;;
2026-03;;DELG;Certificados;Avance acumulado;0;;;;;;;
2026-04;;DELG;Certificados;Avance acumulado;0.026690728;;;;;;;
2026-05;;DELG;Certificados;Avance acumulado;0.116237975;;;;;;;
2026-06;;DELG;Certificados;Avance acumulado;0.196634964;;;;;;;
2026-04;;DELG;Proyeccion;Avance proyectado;0.026690728;;;;;;;
2026-05;;DELG;Proyeccion;Avance proyectado;0.100812968;;;;;;;
2026-06;;DELG;Proyeccion;Avance proyectado;0.201058237;;;;;;;
2026-07;;DELG;Proyeccion;Avance proyectado;0.303737865;;;;;;;
2026-03;;DELG;Certificados;Avance inicial;0;;;;;;;
2026-04;;DELG;Certificados;Avance inicial;0.026690728;;;;;;;
2026-05;;DELG;Certificados;Avance inicial;0.100812968;;;;;;;
2026-06;;DELG;Certificados;Avance inicial;0.223272091;;;;;;;
2026-07;;DELG;Certificados;Avance inicial;0.346570668;;;;;;;
2026-08;;DELG;Certificados;Avance inicial;0.476818486;;;;;;;
2026-05;Q2;KWG;Horas;Hs reales;280;;;;;;;
2026-06;Q1;KWG;Horas;Hs reales;477;;;;;;;
2026-06;Q2;KWG;Horas;Hs reales;790;;;;;;;
2026-07;Q1;KWG;Horas;Hs reales;706;;;;;;;
2026-07;Q2;KWG;Horas;Hs reales;0;;;;;;;
2026-08;Q1;KWG;Horas;Hs reales;0;;;;;;;
2026-08;Q2;KWG;Horas;Hs reales;0;;;;;;;
2026-09;Q1;KWG;Horas;Hs reales;0;;;;;;;
2026-09;Q2;KWG;Horas;Hs reales;0;;;;;;;
2026-05;Q2;KWG;Productividad;Martella;0.875908692;;;;;;;
2026-06;Q1;KWG;Productividad;Martella;0.902369858;;;;;;;
2026-06;Q2;KWG;Productividad;Martella;0.952873728;;;;;;;
2026-07;Q1;KWG;Productividad;Martella;0.916395143;;;;;;;
2026-07;Q2;KWG;Productividad;Martella;0;;;;;;;
2026-08;Q1;KWG;Productividad;Martella;0;;;;;;;
2026-08;Q2;KWG;Productividad;Martella;0;;;;;;;
2026-09;Q1;KWG;Productividad;Martella;0;;;;;;;
2026-09;Q2;KWG;Productividad;Martella;0;;;;;;;
2026-05;Q2;KWG;Productividad;The Rock;0.129;;;;;;;
2026-06;Q1;KWG;Productividad;The Rock;0.602044199;;;;;;;
2026-06;Q2;KWG;Productividad;The Rock;0.602044199;;;;;;;
2026-07;Q1;KWG;Productividad;The Rock;0;;;;;;;
2026-07;Q2;KWG;Productividad;The Rock;0;;;;;;;
2026-08;Q1;KWG;Productividad;The Rock;0;;;;;;;
2026-08;Q2;KWG;Productividad;The Rock;0;;;;;;;
2026-09;Q1;KWG;Productividad;The Rock;0;;;;;;;
2026-09;Q2;KWG;Productividad;The Rock;0;;;;;;;
2026-05;;KWG;Productividad;Martella pond mensual;0.875908692;;;;;;;
2026-06;;KWG;Productividad;Martella pond mensual;0.933860038;;;;;;;
2026-07;;KWG;Productividad;Martella pond mensual;0.916395143;;;;;;;
2026-05;;KWG;Productividad;The Rock pond mensual;0.129;;;;;;;
2026-06;;KWG;Productividad;The Rock pond mensual;0.602044199;;;;;;;
2026-07;;KWG;Productividad;The Rock pond mensual;0;;;;;;;
2026-05;;KWG;Productividad;Martella pond acumulado;0.875908692;;;;;;;
2026-06;;KWG;Productividad;Martella pond acumulado;0.923371106;;;;;;;
2026-05;;KWG;Productividad;The Rock pond acumulado;0.129;;;;;;;
2026-06;;KWG;Productividad;The Rock pond acumulado;0.516425339;;;;;;;
2026-05;;KWG;;Pase licitacion;1.29;;;;;;;
2026-06;;KWG;;Pase licitacion;1.285211279;;;;;;;
2026-05;;KWG;Pases;Pase esperado;1.29;;;;;;;
2026-06;;KWG;Pases;Pase esperado;1.253091066;;;;;;;
2026-05;;KWG;Pases;Coef de pase;1;;;;;;;
2026-06;;KWG;Pases;Coef de pase;1.025632785;;;;;;;
2026-05;;KWG;Certificados;Certificado real;3615773.277;$;;;;;;
2026-06;;KWG;Certificados;Certificado real;24668157.39;$;;;;;;
2026-07;;KWG;Certificados;Certificado real;41647635.2;$;;;;;;
2026-05;;KWG;Certificados;Certificado previsto;3615773.277;$;;;;;;
2026-06;;KWG;Certificados;Certificado previsto;24668157.39;$;;;;;;
2026-07;;KWG;Certificados;Certificado previsto;41647635.2;$;;;;;;
2026-08;;KWG;Certificados;Certificado previsto;54054194.22;$;;;;;;
2026-05;;KWG;Certificados;Avance acumulado;0.002454089;;;;;;;
2026-06;;KWG;Certificados;Avance acumulado;0.019196802;;;;;;;
2026-05;;KWG;Proyeccion;Avance proyectado;0.002454089;;;;;;;
2026-06;;KWG;Proyeccion;Avance proyectado;0.019196802;;;;;;;
2026-07;;KWG;Proyeccion;Avance proyectado;0.047463785;;;;;;;
2026-05;;KWG;Certificados;Avance inicial;0.002454089;;;;;;;
2026-06;;KWG;Certificados;Avance inicial;0.019196802;;;;;;;
2026-07;;KWG;Certificados;Avance inicial;0.047463785;;;;;;;
2026-08;;KWG;Certificados;Avance inicial;0.084151317;;;;;;;
2026-09;;KWG;Certificados;Avance inicial;0.109844374;;;;;;;
2026-10;;KWG;Certificados;Avance inicial;0.170040112;;;;;;;
2026-11;;KWG;Certificados;Avance inicial;0.232650964;;;;;;;
2026-12;;KWG;Certificados;Avance inicial;0.30743582;;;;;;;
2027-01;;KWG;Certificados;Avance inicial;0.382502415;;;;;;;
2026-02;Q1;LMB;Horas;Hs reales;208;;;;;;;
2026-02;Q2;LMB;Horas;Hs reales;299;;;;;;;
2026-03;Q1;LMB;Horas;Hs reales;750;;;;;;;
2026-03;Q2;LMB;Horas;Hs reales;830.5;;;;;;;
2026-04;Q1;LMB;Horas;Hs reales;539.5;;;;;;;
2026-04;Q2;LMB;Horas;Hs reales;766;;;;;;;
2026-05;Q1;LMB;Horas;Hs reales;1056;;;;;;;
2026-05;Q2;LMB;Horas;Hs reales;1317;;;;;;;
2026-06;Q1;LMB;Horas;Hs reales;1170;;;;;;;
2026-06;Q2;LMB;Horas;Hs reales;940;;;;;;;
2026-02;Q1;LMB;Productividad;Martella;1.358209351;;;;;;;
2026-02;Q2;LMB;Productividad;Martella;0.94932167;;;;;;;
2026-03;Q1;LMB;Productividad;Martella;0.974910817;;;;;;;
2026-03;Q2;LMB;Productividad;Martella;0.965519042;;;;;;;
2026-04;Q1;LMB;Productividad;Martella;0.96269218;;;;;;;
2026-04;Q2;LMB;Productividad;Martella;0.948769255;;;;;;;
2026-05;Q1;LMB;Productividad;Martella;0.980269468;;;;;;;
2026-05;Q2;LMB;Productividad;Martella;1.000849709;;;;;;;
2026-06;Q1;LMB;Productividad;Martella;0.97883472;;;;;;;
2026-06;Q2;LMB;Productividad;Martella;0.977248278;;;;;;;
2026-02;Q1;LMB;Productividad;The Rock;0.262153475;;;;;;;
2026-02;Q2;LMB;Productividad;The Rock;0.441786712;;;;;;;
2026-03;Q1;LMB;Productividad;The Rock;0.625653333;;;;;;;
2026-03;Q2;LMB;Productividad;The Rock;0.691979428;;;;;;;
2026-04;Q1;LMB;Productividad;The Rock;1.333160334;;;;;;;
2026-04;Q2;LMB;Productividad;The Rock;0.739738903;;;;;;;
2026-05;Q1;LMB;Productividad;The Rock;0.730767045;;;;;;;
2026-05;Q2;LMB;Productividad;The Rock;1.481488231;;;;;;;
2026-06;Q1;LMB;Productividad;The Rock;0.400273504;;;;;;;
2026-06;Q2;LMB;Productividad;The Rock;0.759819149;;;;;;;
2026-02;;LMB;Productividad;Martella pond mensual;1.117070462;;;;;;;
2026-03;;LMB;Productividad;Martella pond mensual;0.969975752;;;;;;;
2026-04;;LMB;Productividad;Martella pond mensual;0.954522927;;;;;;;
2026-05;;LMB;Productividad;Martella pond mensual;0.991691371;;;;;;;
2026-06;;LMB;Productividad;Martella pond mensual;0.978127964;;;;;;;
2026-02;;LMB;Productividad;The Rock pond mensual;0.368091025;;;;;;;
2026-03;;LMB;Productividad;The Rock pond mensual;0.660505482;;;;;;;
2026-04;;LMB;Productividad;The Rock pond mensual;0.984971275;;;;;;;
2026-05;;LMB;Productividad;The Rock pond mensual;1.147412558;;;;;;;
2026-06;;LMB;Productividad;The Rock pond mensual;0.560450237;;;;;;;
2026-02;;LMB;Productividad;Martella pond acumulado;1.117070462;;;;;;;
2026-03;;LMB;Productividad;Martella pond acumulado;1.00570127;;;;;;;
2026-04;;LMB;Productividad;Martella pond acumulado;0.98600975;;;;;;;
2026-05;;LMB;Productividad;Martella pond acumulado;0.988348024;;;;;;;
2026-06;;LMB;Productividad;Martella pond acumulado;0.985610044;;;;;;;
2026-02;;LMB;Productividad;The Rock pond acumulado;0.368091025;;;;;;;
2026-03;;LMB;Productividad;The Rock pond acumulado;0.58948554;;;;;;;
2026-04;;LMB;Productividad;The Rock pond acumulado;0.741653718;;;;;;;
2026-05;;LMB;Productividad;The Rock pond acumulado;0.908643958;;;;;;;
2026-06;;LMB;Productividad;The Rock pond acumulado;0.815361994;;;;;;;
2026-02;;LMB;;Pase licitacion;1.29;;;;;;;
2026-03;;LMB;;Pase licitacion;1.29;;;;;;;
2026-04;;LMB;;Pase licitacion;1.29;;;;;;;
2026-05;;LMB;;Pase licitacion;1.29;;;;;;;
2026-06;;LMB;;Pase licitacion;1.287709362;;;;;;;
2026-02;;LMB;Pases;Pase esperado;1.28;;;;;;;
2026-03;;LMB;Pases;Pase esperado;1.26;;;;;;;
2026-04;;LMB;Pases;Pase esperado;1.22;;;;;;;
2026-05;;LMB;Pases;Pase esperado;1.21;;;;;;;
2026-06;;LMB;Pases;Pase esperado;1.172154296;;;;;;;
2026-02;;LMB;Pases;Coef de pase;1.0078125;;;;;;;
2026-03;;LMB;Pases;Coef de pase;1.023809524;;;;;;;
2026-04;;LMB;Pases;Coef de pase;1.057377049;;;;;;;
2026-05;;LMB;Pases;Coef de pase;1.07;;;;;;;
2026-06;;LMB;Pases;Coef de pase;1.098583495;;;;;;;
2026-02;Q1;LMB;Certificados;Certificado real;807481.4098;$;;;;;;
2026-02;Q2;LMB;Certificados;Certificado real;38536002.05;$;;;;;;
2026-03;Q1;LMB;Certificados;Certificado real;17112774.95;$;;;;;;
2026-03;Q2;LMB;Certificados;Certificado real;5851003.074;$;;;;;;
2026-04;Q1;LMB;Certificados;Certificado real;16633672.11;$;;;;;;
2026-04;Q2;LMB;Certificados;Certificado real;14916991.03;$;;;;;;
2026-05;Q1;LMB;Certificados;Certificado real;10632878.51;$;;;;;;
2026-05;Q2;LMB;Certificados;Certificado real;22488054.98;$;;;;;;
2026-06;Q1;LMB;Certificados;Certificado real;5283947.914;$;;;;;;
2026-06;Q2;LMB;Certificados;Certificado real;8175643.365;$;;;;;;
2026-07;Q1;LMB;Certificados;Certificado real;28169698.9;$;;;;;;
2026-07;Q2;LMB;Certificados;Certificado real;24175919.89;$;;;;;;
2026-02;Q1;LMB;Certificados;Certificado previsto;62533949.55;$;;;;;;
2026-02;Q2;LMB;Certificados;Certificado previsto;22080139.61;$;;;;;;
2026-03;Q1;LMB;Certificados;Certificado previsto;11618337;$;;;;;;
2026-03;Q2;LMB;Certificados;Certificado previsto;51852158.32;$;;;;;;
2026-04;Q1;LMB;Certificados;Certificado previsto;14099577.12;$;;;;;;
2026-04;Q2;LMB;Certificados;Certificado previsto;20175386.2;$;;;;;;
2026-05;Q1;LMB;Certificados;Certificado previsto;15727922.71;$;;;;;;
2026-05;Q2;LMB;Certificados;Certificado previsto;21305220.73;$;;;;;;
2026-06;Q1;LMB;Certificados;Certificado previsto;10132034.71;$;;;;;;
2026-06;Q2;LMB;Certificados;Certificado previsto;14117634.55;$;;;;;;
2026-07;Q1;LMB;Certificados;Certificado previsto;28169698.9;$;;;;;;
2026-07;Q2;LMB;Certificados;Certificado previsto;24175919.89;$;;;;;;
2026-02;Q2;LMB;Certificados;Adicionales;-682798;$;;;;;;
2026-03;Q1;LMB;Certificados;Adicionales;-3397707;$;;;;;;
2026-03;Q2;LMB;Certificados;Adicionales;10113499;$;;;;;;
2026-04;Q1;LMB;Certificados;Adicionales;4862844;$;;;;;;
2026-04;Q2;LMB;Certificados;Adicionales;-3621586;$;;;;;;
2026-05;Q1;LMB;Certificados;Adicionales;-1350959;$;;;;;;
2026-05;Q2;LMB;Certificados;Adicionales;634664;$;;;;;;
2026-06;Q2;LMB;Certificados;Adicionales;94099;$;;;;;;
2026-02;Q1;LMB;Certificados;Avance acumulado;0.001101265;;;;;;;
2026-02;Q2;LMB;Certificados;Avance acumulado;0.053657703;;;;;;;
2026-03;Q1;LMB;Certificados;Avance acumulado;0.076996567;;;;;;;
2026-03;Q2;LMB;Certificados;Avance acumulado;0.084976323;;;;;;;
2026-04;Q1;LMB;Certificados;Avance acumulado;0.107661773;;;;;;;
2026-04;Q2;LMB;Certificados;Avance acumulado;0.128005967;;;;;;;
2026-05;Q1;LMB;Certificados;Avance acumulado;0.142507374;;;;;;;
2026-05;Q2;LMB;Certificados;Avance acumulado;0.173177189;;;;;;;
2026-06;Q1;LMB;Certificados;Avance acumulado;0.18038358;;;;;;;
2026-06;Q2;LMB;Certificados;Avance acumulado;0.191533742;;;;;;;
2026-04;Q2;LMB;Proyeccion;Avance proyectado;0.1317;;;;;;;
2026-05;Q2;LMB;Proyeccion;Avance proyectado;0.1785;;;;;;;
2026-06;Q2;LMB;Proyeccion;Avance proyectado;0.206249542;;;;;;;
2026-07;Q1;LMB;Proyeccion;Avance proyectado;0.229952337;;;;;;;
2026-07;Q2;LMB;Proyeccion;Avance proyectado;0.262924108;;;;;;;
2026-02;Q1;LMB;Certificados;Avance inicial;0.085285486;;;;;;;
2026-02;Q2;LMB;Certificados;Avance inicial;0.115398975;;;;;;;
2026-03;Q1;LMB;Certificados;Avance inicial;0.133134686;;;;;;;
2026-03;Q2;LMB;Certificados;Avance inicial;0.154108408;;;;;;;
2026-04;Q1;LMB;Certificados;Avance inicial;0.173278646;;;;;;;
2026-04;Q2;LMB;Certificados;Avance inicial;0.200649098;;;;;;;
2026-05;Q1;LMB;Certificados;Avance inicial;0.236226414;;;;;;;
2026-05;Q2;LMB;Certificados;Avance inicial;0.274053926;;;;;;;
2026-06;Q1;LMB;Certificados;Avance inicial;0.319930026;;;;;;;
2026-06;Q2;LMB;Certificados;Avance inicial;0.363617047;;;;;;;
2026-07;Q1;LMB;Certificados;Avance inicial;0.41830279;;;;;;;
2026-07;Q2;LMB;Certificados;Avance inicial;0.467824009;;;;;;;
2026-08;Q1;LMB;Certificados;Avance inicial;0.512073057;;;;;;;
2026-08;Q2;LMB;Certificados;Avance inicial;0.559124869;;;;;;;
2025-06;Q1;PEDR;Horas;Hs reales;137;;;;;;;
2025-06;Q2;PEDR;Horas;Hs reales;255;;;;;;;
2025-07;Q1;PEDR;Horas;Hs reales;844;;;;;;;
2025-07;Q2;PEDR;Horas;Hs reales;1236;;;;;;;
2025-08;Q1;PEDR;Horas;Hs reales;1268;;;;;;;
2025-08;Q2;PEDR;Horas;Hs reales;1147;;;;;;;
2025-09;Q1;PEDR;Horas;Hs reales;1813.5;;;;;;;
2025-09;Q2;PEDR;Horas;Hs reales;1698;;;;;;;
2025-10;Q1;PEDR;Horas;Hs reales;1686;;;;;;;
2025-10;Q2;PEDR;Horas;Hs reales;2497;;;;;;;
2025-11;Q1;PEDR;Horas;Hs reales;2179.5;;;;;;;
2025-11;Q2;PEDR;Horas;Hs reales;2406;;;;;;;
2025-12;Q2;PEDR;Horas;Hs reales;2352.5;;;;;;;
2026-02;Q1;PEDR;Horas;Hs reales;1417;;;;;;;
2026-02;Q2;PEDR;Horas;Hs reales;857;;;;;;;
2026-03;Q1;PEDR;Horas;Hs reales;1302;;;;;;;
2026-03;Q2;PEDR;Horas;Hs reales;1276;;;;;;;
2026-04;Q1;PEDR;Horas;Hs reales;991;;;;;;;
2026-04;Q2;PEDR;Horas;Hs reales;1740;;;;;;;
2026-05;Q1;PEDR;Horas;Hs reales;1462;;;;;;;
2026-05;Q2;PEDR;Horas;Hs reales;1010;;;;;;;
2026-06;Q1;PEDR;Horas;Hs reales;1224;;;;;;;
2026-06;Q2;PEDR;Horas;Hs reales;1100;;;;;;;
2026-07;Q1;PEDR;Horas;Hs reales;1014;;;;;;;
2026-07;Q2;PEDR;Horas;Hs reales;0;;;;;;;
2025-06;Q1;PEDR;Productividad;Martella;0.914614656;;;;;;;
2025-06;Q2;PEDR;Productividad;Martella;0.922470532;;;;;;;
2025-07;Q1;PEDR;Productividad;Martella;0.985411109;;;;;;;
2025-07;Q2;PEDR;Productividad;Martella;1.018280217;;;;;;;
2025-08;Q1;PEDR;Productividad;Martella;1.044866856;;;;;;;
2025-08;Q2;PEDR;Productividad;Martella;1.013843047;;;;;;;
2025-09;Q1;PEDR;Productividad;Martella;1.002451243;;;;;;;
2025-09;Q2;PEDR;Productividad;Martella;1.022721303;;;;;;;
2025-10;Q1;PEDR;Productividad;Martella;1.03988674;;;;;;;
2025-10;Q2;PEDR;Productividad;Martella;1.030426578;;;;;;;
2025-11;Q1;PEDR;Productividad;Martella;1.026230506;;;;;;;
2025-11;Q2;PEDR;Productividad;Martella;1.038668161;;;;;;;
2025-12;Q2;PEDR;Productividad;Martella;1.044637784;;;;;;;
2026-02;Q1;PEDR;Productividad;Martella;1.086741216;;;;;;;
2026-02;Q2;PEDR;Productividad;Martella;1.028213935;;;;;;;
2026-03;Q1;PEDR;Productividad;Martella;1.045388973;;;;;;;
2026-03;Q2;PEDR;Productividad;Martella;1.04705827;;;;;;;
2026-04;Q1;PEDR;Productividad;Martella;1.038997765;;;;;;;
2026-04;Q2;PEDR;Productividad;Martella;1.015997813;;;;;;;
2026-05;Q1;PEDR;Productividad;Martella;1.030840643;;;;;;;
2026-05;Q2;PEDR;Productividad;Martella;0.986439722;;;;;;;
2026-06;Q1;PEDR;Productividad;Martella;0.966786971;;;;;;;
2026-06;Q2;PEDR;Productividad;Martella;0.955636652;;;;;;;
2026-07;Q1;PEDR;Productividad;Martella;0.957176162;;;;;;;
2026-07;Q2;PEDR;Productividad;Martella;0;;;;;;;
2025-06;Q1;PEDR;Productividad;The Rock;0.053552941;;;;;;;
2025-06;Q2;PEDR;Productividad;The Rock;0.161638633;;;;;;;
2025-07;Q1;PEDR;Productividad;The Rock;0.380693469;;;;;;;
2025-07;Q2;PEDR;Productividad;The Rock;0.578988968;;;;;;;
2025-08;Q1;PEDR;Productividad;The Rock;0.602836992;;;;;;;
2025-08;Q2;PEDR;Productividad;The Rock;0.960826436;;;;;;;
2025-09;Q1;PEDR;Productividad;The Rock;1.179658882;;;;;;;
2025-09;Q2;PEDR;Productividad;The Rock;1.198941023;;;;;;;
2025-10;Q1;PEDR;Productividad;The Rock;1.12244893;;;;;;;
2025-10;Q2;PEDR;Productividad;The Rock;0.80155079;;;;;;;
2025-11;Q1;PEDR;Productividad;The Rock;0.948170485;;;;;;;
2025-11;Q2;PEDR;Productividad;The Rock;0.616795268;;;;;;;
2025-12;Q2;PEDR;Productividad;The Rock;0.589522681;;;;;;;
2026-02;Q1;PEDR;Productividad;The Rock;0.691834588;;;;;;;
2026-02;Q2;PEDR;Productividad;The Rock;1.285938958;;;;;;;
2026-03;Q1;PEDR;Productividad;The Rock;1.02157452;;;;;;;
2026-03;Q2;PEDR;Productividad;The Rock;1.175252812;;;;;;;
2026-04;Q1;PEDR;Productividad;The Rock;1.065296385;;;;;;;
2026-04;Q2;PEDR;Productividad;The Rock;0.426395039;;;;;;;
2026-05;Q1;PEDR;Productividad;The Rock;0.719555177;;;;;;;
2026-05;Q2;PEDR;Productividad;The Rock;0.963803128;;;;;;;
2026-06;Q1;PEDR;Productividad;The Rock;0.830398663;;;;;;;
2026-06;Q2;PEDR;Productividad;The Rock;1.34060364;;;;;;;
2026-07;Q1;PEDR;Productividad;The Rock;1.573327247;;;;;;;
2025-06;;PEDR;Productividad;Martella pond mensual;0.919724984;;;;;;;
2025-07;;PEDR;Productividad;Martella pond mensual;1.004942944;;;;;;;
2025-08;;PEDR;Productividad;Martella pond mensual;1.030132153;;;;;;;
2025-09;;PEDR;Productividad;Martella pond mensual;1.012252912;;;;;;;
2025-10;;PEDR;Productividad;Martella pond mensual;1.034239591;;;;;;;
2025-11;;PEDR;Productividad;Martella pond mensual;1.032756511;;;;;;;
2025-12;;PEDR;Productividad;Martella pond mensual;1.041239264;;;;;;;
2026-01;;PEDR;Productividad;Martella pond mensual;1.044586097;;;;;;;
2026-02;;PEDR;Productividad;Martella pond mensual;1.064684101;;;;;;;
2026-03;;PEDR;Productividad;Martella pond mensual;1.046215204;;;;;;;
2026-04;;PEDR;Productividad;Martella pond mensual;1.024343823;;;;;;;
2026-05;;PEDR;Productividad;Martella pond mensual;1.01269949;;;;;;;
2026-06;;PEDR;Productividad;Martella pond mensual;0.961509281;;;;;;;
2026-07;;PEDR;Productividad;Martella pond mensual;0.957176162;;;;;;;
2025-06;;PEDR;Productividad;The Rock pond mensual;0.123863787;;;;;;;
2025-07;;PEDR;Productividad;The Rock pond mensual;0.498526756;;;;;;;
2025-08;;PEDR;Productividad;The Rock pond mensual;0.772863448;;;;;;;
2025-09;;PEDR;Productividad;The Rock pond mensual;1.188982839;;;;;;;
2025-10;;PEDR;Productividad;The Rock pond mensual;0.930891995;;;;;;;
2025-11;;PEDR;Productividad;The Rock pond mensual;0.774298765;;;;;;;
2025-12;;PEDR;Productividad;The Rock pond mensual;0.630030853;;;;;;;
2026-01;;PEDR;Productividad;The Rock pond mensual;1.098803396;;;;;;;
2026-02;;PEDR;Productividad;The Rock pond mensual;0.91573408;;;;;;;
2026-03;;PEDR;Productividad;The Rock pond mensual;1.097638718;;;;;;;
2026-04;;PEDR;Productividad;The Rock pond mensual;0.658233646;;;;;;;
2026-05;;PEDR;Productividad;The Rock pond mensual;0.812772306;;;;;;;
2026-06;;PEDR;Productividad;The Rock pond mensual;1.071889831;;;;;;;
2026-07;;PEDR;Productividad;The Rock pond mensual;1.573327247;;;;;;;
2025-06;;PEDR;Productividad;Martella pond acumulado;0.919724984;;;;;;;
2025-07;;PEDR;Productividad;Martella pond acumulado;0.991429416;;;;;;;
2025-08;;PEDR;Productividad;Martella pond acumulado;1.010555078;;;;;;;
2025-09;;PEDR;Productividad;Martella pond acumulado;1.01126496;;;;;;;
2025-10;;PEDR;Productividad;Martella pond acumulado;1.018903388;;;;;;;
2025-11;;PEDR;Productividad;Martella pond acumulado;1.022603714;;;;;;;
2025-12;;PEDR;Productividad;Martella pond acumulado;1.026984324;;;;;;;
2026-01;;PEDR;Productividad;Martella pond acumulado;1.029230901;;;;;;;
2026-02;;PEDR;Productividad;Martella pond acumulado;1.032110207;;;;;;;
2026-03;;PEDR;Productividad;Martella pond acumulado;1.033299385;;;;;;;
2026-04;;PEDR;Productividad;Martella pond acumulado;1.03256512;;;;;;;
2026-05;;PEDR;Productividad;Martella pond acumulado;1.031192664;;;;;;;
2026-06;;PEDR;Productividad;Martella pond acumulado;1.026942718;;;;;;;
2026-07;;PEDR;Productividad;Martella pond acumulado;1.025134306;;;;;;;
2025-06;;PEDR;Productividad;The Rock pond acumulado;0.123863787;;;;;;;
2025-07;;PEDR;Productividad;The Rock pond acumulado;0.439114181;;;;;;;
2025-08;;PEDR;Productividad;The Rock pond acumulado;0.604042456;;;;;;;
2025-09;;PEDR;Productividad;The Rock pond acumulado;0.8486121;;;;;;;
2025-10;;PEDR;Productividad;The Rock pond acumulado;0.875967885;;;;;;;
2025-11;;PEDR;Productividad;The Rock pond acumulado;0.848810912;;;;;;;
2025-12;;PEDR;Productividad;The Rock pond acumulado;0.797382854;;;;;;;
2026-01;;PEDR;Productividad;The Rock pond acumulado;0.835854219;;;;;;;
2026-02;;PEDR;Productividad;The Rock pond acumulado;0.842341605;;;;;;;
2026-03;;PEDR;Productividad;The Rock pond acumulado;0.863865444;;;;;;;
2026-04;;PEDR;Productividad;The Rock pond acumulado;0.847005723;;;;;;;
2026-05;;PEDR;Productividad;The Rock pond acumulado;0.845095008;;;;;;;
2026-06;;PEDR;Productividad;The Rock pond acumulado;0.858927081;;;;;;;
2026-07;;PEDR;Productividad;The Rock pond acumulado;0.877444982;;;;;;;
2025-09;;PEDR;;Pase licitacion;1.24;;;;;;;
2025-10;;PEDR;;Pase licitacion;1.24;;;;;;;
2025-11;;PEDR;;Pase licitacion;1.24;;;;;;;
2025-12;;PEDR;;Pase licitacion;1.24;;;;;;;
2026-01;;PEDR;;Pase licitacion;1.42;;;;;;;
2026-02;;PEDR;;Pase licitacion;1.4;;;;;;;
2026-03;;PEDR;;Pase licitacion;1.4;;;;;;;
2026-04;;PEDR;;Pase licitacion;1.4;;;;;;;
2026-05;;PEDR;;Pase licitacion;1.402798516;;;;;;;
2026-06;;PEDR;;Pase licitacion;1.4;;;;;;;
2025-09;;PEDR;Pases;Pase esperado;1.17;;;;;;;
2025-10;;PEDR;Pases;Pase esperado;1.16;;;;;;;
2025-11;;PEDR;Pases;Pase esperado;1.15;;;;;;;
2025-12;;PEDR;Pases;Pase esperado;1.14;;;;;;;
2026-01;;PEDR;Pases;Pase esperado;1.42;;;;;;;
2026-02;;PEDR;Pases;Pase esperado;1.41;;;;;;;
2026-03;;PEDR;Pases;Pase esperado;1.5;;;;;;;
2026-04;;PEDR;Pases;Pase esperado;1.46;;;;;;;
2026-05;;PEDR;Pases;Pase esperado;1.419092627;;;;;;;
2026-06;;PEDR;Pases;Pase esperado;1.41;;;;;;;
2025-09;;PEDR;Pases;Coef de pase;1.05982906;;;;;;;
2025-10;;PEDR;Pases;Coef de pase;1.068965517;;;;;;;
2025-11;;PEDR;Pases;Coef de pase;1.07826087;;;;;;;
2025-12;;PEDR;Pases;Coef de pase;1.087719298;;;;;;;
2026-01;;PEDR;Pases;Coef de pase;1;;;;;;;
2026-02;;PEDR;Pases;Coef de pase;0.992907801;;;;;;;
2026-03;;PEDR;Pases;Coef de pase;0.933333333;;;;;;;
2026-04;;PEDR;Pases;Coef de pase;0.95890411;;;;;;;
2026-05;;PEDR;Pases;Coef de pase;0.988517937;;;;;;;
2026-06;;PEDR;Pases;Coef de pase;0.992907801;;;;;;;
2025-06;Q1;PEDR;Certificados;Certificado real;4176004.255;$;;;;;;
2025-06;Q2;PEDR;Certificados;Certificado real;3296778.353;$;;;;;;
2025-07;Q1;PEDR;Certificados;Certificado real;7756952.697;$;;;;;;
2025-07;Q2;PEDR;Certificados;Certificado real;17383998.61;$;;;;;;
2025-08;Q1;PEDR;Certificados;Certificado real;17631355.14;$;;;;;;
2025-08;Q2;PEDR;Certificados;Certificado real;27090967.78;$;;;;;;
2025-09;Q1;PEDR;Certificados;Certificado real;42011678.25;$;;;;;;
2025-09;Q2;PEDR;Certificados;Certificado real;44537969.24;$;;;;;;
2025-10;Q1;PEDR;Certificados;Certificado real;39593321.85;$;;;;;;
2025-10;Q2;PEDR;Certificados;Certificado real;40848052.32;$;;;;;;
2025-11;Q1;PEDR;Certificados;Certificado real;39405904.29;$;;;;;;
2025-11;Q2;PEDR;Certificados;Certificado real;29703171.16;$;;;;;;
2025-12;Q2;PEDR;Certificados;Certificado real;26365570.75;$;;;;;;
2026-02;Q1;PEDR;Certificados;Certificado real;6230621.883;$;;;;;;
2026-02;Q2;PEDR;Certificados;Certificado real;14618823.68;$;;;;;;
2026-03;Q1;PEDR;Certificados;Certificado real;39502297.47;$;;;;;;
2026-03;Q2;PEDR;Certificados;Certificado real;44179577.87;$;;;;;;
2026-04;Q1;PEDR;Certificados;Certificado real;30069519.22;$;;;;;;
2026-04;Q2;PEDR;Certificados;Certificado real;16140636.42;$;;;;;;
2026-05;Q1;PEDR;Certificados;Certificado real;22278114.05;$;;;;;;
2026-05;Q2;PEDR;Certificados;Certificado real;26812326.2;$;;;;;;
2026-06;Q1;PEDR;Certificados;Certificado real;43395687.44;$;;;;;;
2026-06;Q2;PEDR;Certificados;Certificado real;44286334.92;$;;;;;;
2025-06;Q1;PEDR;Certificados;Certificado previsto;8944389.958;$;;;;;;
2025-06;Q2;PEDR;Certificados;Certificado previsto;207440.33;$;;;;;;
2025-07;Q1;PEDR;Certificados;Certificado previsto;7728556.26;$;;;;;;
2025-07;Q2;PEDR;Certificados;Certificado previsto;4135549.547;$;;;;;;
2025-08;Q1;PEDR;Certificados;Certificado previsto;21514047.52;$;;;;;;
2025-08;Q2;PEDR;Certificados;Certificado previsto;28733648.14;$;;;;;;
2025-09;Q1;PEDR;Certificados;Certificado previsto;43235383.33;$;;;;;;
2025-09;Q2;PEDR;Certificados;Certificado previsto;67367469.15;$;;;;;;
2025-10;Q1;PEDR;Certificados;Certificado previsto;59467439.2;$;;;;;;
2025-10;Q2;PEDR;Certificados;Certificado previsto;69695748.67;$;;;;;;
2025-11;Q1;PEDR;Certificados;Certificado previsto;39427873.98;$;;;;;;
2025-11;Q2;PEDR;Certificados;Certificado previsto;50861732.27;$;;;;;;
2025-12;Q2;PEDR;Certificados;Certificado previsto;29033309.89;$;;;;;;
2026-02;Q1;PEDR;Certificados;Certificado previsto;16290648.74;$;;;;;;
2026-02;Q2;PEDR;Certificados;Certificado previsto;41663914.39;$;;;;;;
2026-03;Q1;PEDR;Certificados;Certificado previsto;37450993.96;$;;;;;;
2026-03;Q2;PEDR;Certificados;Certificado previsto;44923070.2;$;;;;;;
2026-04;Q1;PEDR;Certificados;Certificado previsto;30426071.33;$;;;;;;
2026-04;Q2;PEDR;Certificados;Certificado previsto;64824914.16;$;;;;;;
2026-05;Q1;PEDR;Certificados;Certificado previsto;43773397.17;$;;;;;;
2026-05;Q2;PEDR;Certificados;Certificado previsto;57790098.34;$;;;;;;
2026-06;Q1;PEDR;Certificados;Certificado previsto;64358444.82;$;;;;;;
2026-06;Q2;PEDR;Certificados;Certificado previsto;62036457.74;$;;;;;;
2026-06;Q1;PEDR;Certificados;Adicionales;2671553;$;;;;;;
2026-06;Q2;PEDR;Certificados;Adicionales;1860596;$;;;;;;
2025-06;Q1;PEDR;Certificados;Avance acumulado;0.009380648;;;;;;;
2025-06;Q2;PEDR;Certificados;Avance acumulado;0.016786271;;;;;;;
2025-07;Q1;PEDR;Certificados;Avance acumulado;0.03421088;;;;;;;
2025-07;Q2;PEDR;Certificados;Avance acumulado;0.073260927;;;;;;;
2025-08;Q1;PEDR;Certificados;Avance acumulado;0.112866616;;;;;;;
2025-08;Q2;PEDR;Certificados;Avance acumulado;0.173721636;;;;;;;
2025-09;Q1;PEDR;Certificados;Avance acumulado;0.268093365;;;;;;;
2025-09;Q2;PEDR;Certificados;Avance acumulado;0.368139957;;;;;;;
2025-10;Q1;PEDR;Certificados;Avance acumulado;0.457079281;;;;;;;
2025-10;Q2;PEDR;Certificados;Avance acumulado;0.548837133;;;;;;;
2025-11;Q1;PEDR;Certificados;Avance acumulado;0.637355457;;;;;;;
2025-11;Q2;PEDR;Certificados;Avance acumulado;0.704078324;;;;;;;
2025-12;Q2;PEDR;Certificados;Avance acumulado;0.850077214;;;;;;;
2026-02;Q1;PEDR;Certificados;Avance acumulado;0.01472712;;;;;;;
2026-02;Q2;PEDR;Certificados;Avance acumulado;0.049281163;;;;;;;
2026-03;Q1;PEDR;Certificados;Avance acumulado;0.142651472;;;;;;;
2026-03;Q2;PEDR;Certificados;Avance acumulado;0.247077318;;;;;;;
2026-04;Q1;PEDR;Certificados;Avance acumulado;0.318151672;;;;;;;
2026-04;Q2;PEDR;Certificados;Avance acumulado;0.356302775;;;;;;;
2026-05;Q1;PEDR;Certificados;Avance acumulado;0.408960836;;;;;;;
2026-05;Q2;PEDR;Certificados;Avance acumulado;0.472336268;;;;;;;
2026-06;Q1;PEDR;Certificados;Avance acumulado;0.574909257;;;;;;;
2026-06;Q2;PEDR;Certificados;Avance acumulado;0.679587441;;;;;;;
2026-04;Q2;PEDR;Proyeccion;Avance proyectado;0.4724;;;;;;;
2026-05;Q2;PEDR;Proyeccion;Avance proyectado;0.5964;;;;;;;
2026-06;Q1;PEDR;Proyeccion;Avance proyectado;0.624458252;;;;;;;
2026-06;Q2;PEDR;Proyeccion;Avance proyectado;0.77109183;;;;;;;
2025-06;Q1;PEDR;Certificados;Avance inicial;0.020091974;;;;;;;
2025-06;Q2;PEDR;Certificados;Avance inicial;0.020557952;;;;;;;
2025-07;Q1;PEDR;Certificados;Avance inicial;0.030101091;;;;;;;
2025-07;Q2;PEDR;Certificados;Avance inicial;0.037981336;;;;;;;
2025-08;Q1;PEDR;Certificados;Avance inicial;0.06040214;;;;;;;
2025-08;Q2;PEDR;Certificados;Avance inicial;0.097359927;;;;;;;
2025-09;Q1;PEDR;Certificados;Avance inicial;0.23009023;;;;;;;
2025-09;Q2;PEDR;Certificados;Avance inicial;0.356261531;;;;;;;
2025-10;Q1;PEDR;Certificados;Avance inicial;0.515970494;;;;;;;
2025-10;Q2;PEDR;Certificados;Avance inicial;0.662893938;;;;;;;
2025-11;Q1;PEDR;Certificados;Avance inicial;0.802830262;;;;;;;
2025-11;Q2;PEDR;Certificados;Avance inicial;0.879233189;;;;;;;
2025-12;Q2;PEDR;Certificados;Avance inicial;1;;;;;;;
2026-02;Q1;PEDR;Certificados;Avance inicial;0.038505682;;;;;;;
2026-02;Q2;PEDR;Certificados;Avance inicial;0.136985335;;;;;;;
2026-03;Q1;PEDR;Certificados;Avance inicial;0.220588267;;;;;;;
2026-03;Q2;PEDR;Certificados;Avance inicial;0.350783409;;;;;;;
2026-04;Q1;PEDR;Certificados;Avance inicial;0.439478159;;;;;;;
2026-04;Q2;PEDR;Certificados;Avance inicial;0.626994449;;;;;;;
2026-05;Q1;PEDR;Certificados;Avance inicial;0.731408917;;;;;;;
2026-05;Q2;PEDR;Certificados;Avance inicial;0.793386594;;;;;;;
2026-06;Q1;PEDR;Certificados;Avance inicial;0.876178411;;;;;;;
2026-06;Q2;PEDR;Certificados;Avance inicial;0.980948839;;;;;;;
2026-07;Q1;PEDR;Certificados;Avance inicial;0.992732412;;;;;;;
2026-07;Q2;PEDR;Certificados;Avance inicial;1;;;;;;;
2026-06;Q2;SFE;Horas;Hs reales;330;;;;;;;
2026-07;Q1;SFE;Horas;Hs reales;333;;;;;;;
2026-07;Q2;SFE;Horas;Hs reales;0;;;;;;;
2026-08;Q1;SFE;Horas;Hs reales;0;;;;;;;
2026-08;Q2;SFE;Horas;Hs reales;0;;;;;;;
2026-09;Q1;SFE;Horas;Hs reales;0;;;;;;;
2026-09;Q2;SFE;Horas;Hs reales;0;;;;;;;
2026-06;Q2;SFE;Productividad;Martella;0.967988646;;;;;;;
2026-07;Q1;SFE;Productividad;Martella;0.925449811;;;;;;;
2026-07;Q2;SFE;Productividad;Martella;0;;;;;;;
2026-08;Q1;SFE;Productividad;Martella;0;;;;;;;
2026-08;Q2;SFE;Productividad;Martella;0;;;;;;;
2026-09;Q1;SFE;Productividad;Martella;0;;;;;;;
2026-09;Q2;SFE;Productividad;Martella;0;;;;;;;
2026-06;Q2;SFE;Productividad;The Rock;0.175484848;;;;;;;
2026-06;;SFE;Productividad;Martella pond mensual;0.946622987;;;;;;;
2026-07;;SFE;Productividad;Martella pond mensual;0.925449811;;;;;;;
2026-06;;SFE;Productividad;The Rock pond mensual;0.175484848;;;;;;;
2026-06;;SFE;Productividad;Martella pond acumulado;0.967988646;;;;;;;
2026-06;;SFE;Productividad;The Rock pond acumulado;0.175484848;;;;;;;
2026-06;;SFE;;Pase licitacion;1.27;;;;;;;
2026-06;;SFE;Pases;Pase esperado;1.24;;;;;;;
2026-06;;SFE;Pases;Coef de pase;1.024193548;;;;;;;
2026-06;;SFE;Certificados;Certificado real;2966847.629;$;;;;;;
2026-06;;SFE;Certificados;Certificado previsto;25422532.5;$;;;;;;
2026-07;;SFE;Certificados;Certificado previsto;75413895.12;$;;;;;;
2026-06;;SFE;Certificados;Avance acumulado;0.004960724;;;;;;;
2026-06;;SFE;Proyeccion;Avance proyectado;0.0425078;;;;;;;
2026-07;;SFE;Proyeccion;Avance proyectado;0.131056688;;;;;;;
2026-08;;SFE;Proyeccion;Avance proyectado;0.192066456;;;;;;;
2026-06;;SFE;Certificados;Avance inicial;0.0425078;;;;;;;
2026-07;;SFE;Certificados;Avance inicial;0.227784435;;;;;;;
2026-08;;SFE;Certificados;Avance inicial;0.40296667;;;;;;;
2026-09;;SFE;Certificados;Avance inicial;0.446350577;;;;;;;
2026-10;;SFE;Certificados;Avance inicial;0.561986184;;;;;;;
2026-11;;SFE;Certificados;Avance inicial;0.702658863;;;;;;;
2026-12;;SFE;Certificados;Avance inicial;0.772700664;;;;;;;
2027-01;;SFE;Certificados;Avance inicial;0.8086407;;;;;;;
2027-02;;SFE;Certificados;Avance inicial;0.861462612;;;;;;;
2027-03;;SFE;Certificados;Avance inicial;0.938358031;;;;;;;
2027-04;;SFE;Certificados;Avance inicial;0.996417858;;;;;;;
2025-08;Q2;SM;Horas;Hs reales;50;;;;;;;
2025-09;Q1;SM;Horas;Hs reales;805;;;;;;;
2025-09;Q2;SM;Horas;Hs reales;995;;;;;;;
2025-10;Q1;SM;Horas;Hs reales;1243;;;;;;;
2025-10;Q2;SM;Horas;Hs reales;1365;;;;;;;
2025-11;Q1;SM;Horas;Hs reales;1504;;;;;;;
2025-11;Q2;SM;Horas;Hs reales;1216;;;;;;;
2025-12;Q2;SM;Horas;Hs reales;1466;;;;;;;
2026-01;Q1;SM;Horas;Hs reales;2053;;;;;;;
2026-01;Q2;SM;Horas;Hs reales;2699;;;;;;;
2026-02;Q1;SM;Horas;Hs reales;2375;;;;;;;
2026-02;Q2;SM;Horas;Hs reales;1619;;;;;;;
2026-03;Q1;SM;Horas;Hs reales;2363;;;;;;;
2026-03;Q2;SM;Horas;Hs reales;1899;;;;;;;
2026-04;Q1;SM;Horas;Hs reales;882;;;;;;;
2026-04;Q2;SM;Horas;Hs reales;953;;;;;;;
2026-05;Q1;SM;Horas;Hs reales;1007;;;;;;;
2026-05;Q2;SM;Horas;Hs reales;1088;;;;;;;
2026-06;Q1;SM;Horas;Hs reales;1284;;;;;;;
2026-06;Q2;SM;Horas;Hs reales;1234;;;;;;;
2025-08;Q2;SM;Productividad;Martella;1.115847172;;;;;;;
2025-09;Q1;SM;Productividad;Martella;1.183720909;;;;;;;
2025-09;Q2;SM;Productividad;Martella;1.189446603;;;;;;;
2025-10;Q1;SM;Productividad;Martella;1.151995045;;;;;;;
2025-10;Q2;SM;Productividad;Martella;1.123037608;;;;;;;
2025-11;Q1;SM;Productividad;Martella;1.115103797;;;;;;;
2025-11;Q2;SM;Productividad;Martella;1.108318662;;;;;;;
2025-12;Q2;SM;Productividad;Martella;1.050044327;;;;;;;
2026-01;Q1;SM;Productividad;Martella;1.009819296;;;;;;;
2026-01;Q2;SM;Productividad;Martella;1.06629333;;;;;;;
2026-02;Q1;SM;Productividad;Martella;1.059495801;;;;;;;
2026-02;Q2;SM;Productividad;Martella;1.049451129;;;;;;;
2026-03;Q1;SM;Productividad;Martella;1.069594304;;;;;;;
2026-03;Q2;SM;Productividad;Martella;1.044371037;;;;;;;
2026-04;Q1;SM;Productividad;Martella;0.929325799;;;;;;;
2026-04;Q2;SM;Productividad;Martella;0.916525865;;;;;;;
2026-05;Q1;SM;Productividad;Martella;0.899648893;;;;;;;
2026-05;Q2;SM;Productividad;Martella;0.909062063;;;;;;;
2026-06;Q1;SM;Productividad;Martella;0.904686626;;;;;;;
2026-06;Q2;SM;Productividad;Martella;0.89119206;;;;;;;
2025-08;Q2;SM;Productividad;The Rock;0;;;;;;;
2025-09;Q1;SM;Productividad;The Rock;0.839711654;;;;;;;
2025-09;Q2;SM;Productividad;The Rock;1.458747851;;;;;;;
2025-10;Q1;SM;Productividad;The Rock;0.598924433;;;;;;;
2025-10;Q2;SM;Productividad;The Rock;1.050123868;;;;;;;
2025-11;Q1;SM;Productividad;The Rock;0.904093105;;;;;;;
2025-11;Q2;SM;Productividad;The Rock;0.866942141;;;;;;;
2025-12;Q2;SM;Productividad;The Rock;0.566873233;;;;;;;
2026-01;Q1;SM;Productividad;The Rock;0.581980984;;;;;;;
2026-01;Q2;SM;Productividad;The Rock;0.64597708;;;;;;;
2026-02;Q1;SM;Productividad;The Rock;0.625846976;;;;;;;
2026-02;Q2;SM;Productividad;The Rock;1.372638664;;;;;;;
2026-03;Q1;SM;Productividad;The Rock;1.144445669;;;;;;;
2026-03;Q2;SM;Productividad;The Rock;0.897804479;;;;;;;
2026-04;Q1;SM;Productividad;The Rock;0.799931973;;;;;;;
2026-04;Q2;SM;Productividad;The Rock;0.651458552;;;;;;;
2026-05;Q1;SM;Productividad;The Rock;0.292057777;;;;;;;
2026-05;Q2;SM;Productividad;The Rock;0.468648897;;;;;;;
2026-06;Q1;SM;Productividad;The Rock;0.400724299;;;;;;;
2026-06;Q2;SM;Productividad;The Rock;0.438435981;;;;;;;
2025-09;;SM;Productividad;Martella pond mensual;1.177234698;;;;;;;
2025-10;;SM;Productividad;Martella pond mensual;1.122281189;;;;;;;
2025-11;;SM;Productividad;Martella pond mensual;1.095552181;;;;;;;
2025-12;;SM;Productividad;Martella pond mensual;1.065823028;;;;;;;
2026-01;;SM;Productividad;Martella pond mensual;1.03087306;;;;;;;
2026-02;;SM;Productividad;Martella pond mensual;1.057833909;;;;;;;
2026-03;;SM;Productividad;Martella pond mensual;1.057968588;;;;;;;
2026-04;;SM;Productividad;Martella pond mensual;0.958707589;;;;;;;
2026-05;;SM;Productividad;Martella pond mensual;0.912053958;;;;;;;
2026-06;;SM;Productividad;Martella pond mensual;0.917679991;;;;;;;
2026-07;;SM;Productividad;Martella pond mensual;0.899367997;;;;;;;
2025-09;;SM;Productividad;The Rock pond mensual;1.181901107;;;;;;;
2025-10;;SM;Productividad;The Rock pond mensual;0.835077512;;;;;;;
2025-11;;SM;Productividad;The Rock pond mensual;0.887484439;;;;;;;
2025-12;;SM;Productividad;The Rock pond mensual;0.437318625;;;;;;;
2026-01;;SM;Productividad;The Rock pond mensual;0.618328935;;;;;;;
2026-02;;SM;Productividad;The Rock pond mensual;0.928564989;;;;;;;
2026-03;;SM;Productividad;The Rock pond mensual;1.034550873;;;;;;;
2026-04;;SM;Productividad;The Rock pond mensual;0.722822888;;;;;;;
2026-05;;SM;Productividad;The Rock pond mensual;0.383767151;;;;;;;
2026-06;;SM;Productividad;The Rock pond mensual;0.419205719;;;;;;;
2026-07;;SM;Productividad;The Rock pond mensual;0.473399061;;;;;;;
2025-08;;SM;Productividad;Martella pond acumulado;1.115847172;;;;;;;
2025-09;;SM;Productividad;Martella pond acumulado;1.184965979;;;;;;;
2025-10;;SM;Productividad;Martella pond acumulado;1.156810955;;;;;;;
2025-11;;SM;Productividad;Martella pond acumulado;1.13985718;;;;;;;
2025-12;;SM;Productividad;Martella pond acumulado;1.1222902;;;;;;;
2026-01;;SM;Productividad;Martella pond acumulado;1.096265792;;;;;;;
2026-02;;SM;Productividad;Martella pond acumulado;1.087530563;;;;;;;
2026-03;;SM;Productividad;Martella pond acumulado;1.082109246;;;;;;;
2026-04;;SM;Productividad;Martella pond acumulado;1.070298824;;;;;;;
2026-05;;SM;Productividad;Martella pond acumulado;1.057372818;;;;;;;
2026-06;;SM;Productividad;Martella pond acumulado;1.043721983;;;;;;;
2025-08;;SM;Productividad;The Rock pond acumulado;0;;;;;;;
2025-09;;SM;Productividad;The Rock pond acumulado;1.149957834;;;;;;;
2025-10;;SM;Productividad;The Rock pond acumulado;0.965747901;;;;;;;
2025-11;;SM;Productividad;The Rock pond acumulado;0.936091086;;;;;;;
2025-12;;SM;Productividad;The Rock pond acumulado;0.797933928;;;;;;;
2026-01;;SM;Productividad;The Rock pond acumulado;0.739794764;;;;;;;
2026-02;;SM;Productividad;The Rock pond acumulado;0.780168989;;;;;;;
2026-03;;SM;Productividad;The Rock pond acumulado;0.827438591;;;;;;;
2026-04;;SM;Productividad;The Rock pond acumulado;0.81968881;;;;;;;
2026-05;;SM;Productividad;The Rock pond acumulado;0.785695813;;;;;;;
2026-06;;SM;Productividad;The Rock pond acumulado;0.754290216;;;;;;;
2025-09;;SM;;Pase licitacion;1.22;;;;;;;
2025-10;;SM;;Pase licitacion;1.22;;;;;;;
2025-11;;SM;;Pase licitacion;1.22;;;;;;;
2025-12;;SM;;Pase licitacion;1.22;;;;;;;
2026-01;;SM;;Pase licitacion;1.21;;;;;;;
2026-02;;SM;;Pase licitacion;1.21;;;;;;;
2026-03;;SM;;Pase licitacion;1.21;;;;;;;
2026-04;;SM;;Pase licitacion;1.21;;;;;;;
2026-05;;SM;;Pase licitacion;1.212459373;;;;;;;
2026-06;;SM;;Pase licitacion;1.21;;;;;;;
2025-09;;SM;Pases;Pase esperado;1.21;;;;;;;
2025-10;;SM;Pases;Pase esperado;1.23;;;;;;;
2025-11;;SM;Pases;Pase esperado;1.24;;;;;;;
2025-12;;SM;Pases;Pase esperado;1.24;;;;;;;
2026-01;;SM;Pases;Pase esperado;1.17;;;;;;;
2026-02;;SM;Pases;Pase esperado;1.19;;;;;;;
2026-03;;SM;Pases;Pase esperado;1.22;;;;;;;
2026-04;;SM;Pases;Pase esperado;1.29;;;;;;;
2026-05;;SM;Pases;Pase esperado;1.308302716;;;;;;;
2026-06;;SM;Pases;Pase esperado;1.32;;;;;;;
2025-09;;SM;Pases;Coef de pase;1.008264463;;;;;;;
2025-10;;SM;Pases;Coef de pase;0.991869919;;;;;;;
2025-11;;SM;Pases;Coef de pase;0.983870968;;;;;;;
2025-12;;SM;Pases;Coef de pase;0.983870968;;;;;;;
2026-01;;SM;Pases;Coef de pase;1.034188034;;;;;;;
2026-02;;SM;Pases;Coef de pase;1.016806723;;;;;;;
2026-03;;SM;Pases;Coef de pase;0.991803279;;;;;;;
2026-04;;SM;Pases;Coef de pase;0.937984496;;;;;;;
2026-05;;SM;Pases;Coef de pase;0.926742228;;;;;;;
2026-06;;SM;Pases;Coef de pase;0.916666667;;;;;;;
2025-09;Q1;SM;Certificados;Certificado real;15785680.79;$;;;;;;
2025-09;Q2;SM;Certificados;Certificado real;52230248.22;$;;;;;;
2025-10;Q1;SM;Certificados;Certificado real;33119075.27;$;;;;;;
2025-10;Q2;SM;Certificados;Certificado real;33122368.22;$;;;;;;
2025-11;Q1;SM;Certificados;Certificado real;32419706.19;$;;;;;;
2025-11;Q2;SM;Certificados;Certificado real;24254504.01;$;;;;;;
2025-12;Q2;SM;Certificados;Certificado real;25375999.92;$;;;;;;
2026-01;Q1;SM;Certificados;Certificado real;23220070.39;$;;;;;;
2026-01;Q2;SM;Certificados;Certificado real;34426817.63;$;;;;;;
2026-02;Q1;SM;Certificados;Certificado real;26560373.39;$;;;;;;
2026-02;Q2;SM;Certificados;Certificado real;36669809.57;$;;;;;;
2026-03;Q1;SM;Certificados;Certificado real;47718985.22;$;;;;;;
2026-03;Q2;SM;Certificados;Certificado real;66103077.54;$;;;;;;
2026-04;Q1;SM;Certificados;Certificado real;63161517.47;$;;;;;;
2026-04;Q2;SM;Certificados;Certificado real;50922690.14;$;;;;;;
2026-05;Q1;SM;Certificados;Certificado real;39168682.27;$;;;;;;
2026-05;Q2;SM;Certificados;Certificado real;36255943.71;$;;;;;;
2026-06;Q1;SM;Certificados;Certificado real;88311410.15;$;;;;;;
2026-06;Q2;SM;Certificados;Certificado real;40137032.53;$;;;;;;
2026-07;Q1;SM;Certificados;Certificado real;17975002.92;$;;;;;;
2026-07;Q2;SM;Certificados;Certificado real;40331708.88;$;;;;;;
2025-09;Q1;SM;Certificados;Certificado previsto;7504722.066;$;;;;;;
2025-09;Q2;SM;Certificados;Certificado previsto;19919550.77;$;;;;;;
2025-10;Q1;SM;Certificados;Certificado previsto;33820545.82;$;;;;;;
2025-10;Q2;SM;Certificados;Certificado previsto;26478508.8;$;;;;;;
2025-11;Q1;SM;Certificados;Certificado previsto;30521805.09;$;;;;;;
2025-11;Q2;SM;Certificados;Certificado previsto;30233525.66;$;;;;;;
2025-12;Q2;SM;Certificados;Certificado previsto;26750359.4;$;;;;;;
2026-01;Q1;SM;Certificados;Certificado previsto;23454896.02;$;;;;;;
2026-01;Q2;SM;Certificados;Certificado previsto;30801847;$;;;;;;
2026-02;Q1;SM;Certificados;Certificado previsto;25386245.22;$;;;;;;
2026-02;Q2;SM;Certificados;Certificado previsto;31559962.16;$;;;;;;
2026-03;Q1;SM;Certificados;Certificado previsto;33084843.84;$;;;;;;
2026-03;Q2;SM;Certificados;Certificado previsto;59415289.87;$;;;;;;
2026-04;Q1;SM;Certificados;Certificado previsto;63161517.47;$;;;;;;
2026-04;Q2;SM;Certificados;Certificado previsto;41507516.18;$;;;;;;
2026-05;Q1;SM;Certificados;Certificado previsto;40093392.36;$;;;;;;
2026-05;Q2;SM;Certificados;Certificado previsto;59088271.85;$;;;;;;
2026-06;Q1;SM;Certificados;Certificado previsto;34021986.54;$;;;;;;
2026-06;Q2;SM;Certificados;Certificado previsto;64236025.42;$;;;;;;
2026-07;Q1;SM;Certificados;Certificado previsto;17975002.92;$;;;;;;
2026-07;Q2;SM;Certificados;Certificado previsto;40331708.88;$;;;;;;
2026-02;Q1;SM;Certificados;Adicionales;11045158;$;;;;;;
2026-02;Q2;SM;Certificados;Adicionales;1177978;$;;;;;;
2026-05;Q2;SM;Certificados;Adicionales;8456486;$;;;;;;
2026-06;Q1;SM;Certificados;Adicionales;-24141138;$;;;;;;
2025-09;Q1;SM;Certificados;Avance acumulado;0.014614437;;;;;;;
2025-09;Q2;SM;Certificados;Avance acumulado;0.062969378;;;;;;;
2025-10;Q1;SM;Certificados;Avance acumulado;0.09363113;;;;;;;
2025-10;Q2;SM;Certificados;Avance acumulado;0.124295931;;;;;;;
2025-11;Q1;SM;Certificados;Avance acumulado;0.154310205;;;;;;;
2025-11;Q2;SM;Certificados;Avance acumulado;0.176765107;;;;;;;
2025-12;Q2;SM;Certificados;Avance acumulado;0.226918;;;;;;;
2026-01;Q1;SM;Certificados;Avance acumulado;0.24841522;;;;;;;
2026-01;Q2;SM;Certificados;Avance acumulado;0.280287684;;;;;;;
2026-02;Q1;SM;Certificados;Avance acumulado;0.304877368;;;;;;;
2026-02;Q2;SM;Certificados;Avance acumulado;0.338826402;;;;;;;
2026-03;Q1;SM;Certificados;Avance acumulado;0.3830048;;;;;;;
2026-03;Q2;SM;Certificados;Avance acumulado;0.444203254;;;;;;;
2026-04;Q1;SM;Certificados;Avance acumulado;0.502678401;;;;;;;
2026-04;Q2;SM;Certificados;Avance acumulado;0.5498228;;;;;;;
2026-05;Q1;SM;Certificados;Avance acumulado;0.586085299;;;;;;;
2026-05;Q2;SM;Certificados;Avance acumulado;0.619651174;;;;;;;
2026-06;Q1;SM;Certificados;Avance acumulado;0.701410177;;;;;;;
2026-06;Q2;SM;Certificados;Avance acumulado;0.738569178;;;;;;;
2026-04;Q2;SM;Proyeccion;Avance proyectado;0.5413;;;;;;;
2026-05;Q2;SM;Proyeccion;Avance proyectado;0.6416;;;;;;;
2026-06;Q2;SM;Proyeccion;Avance proyectado;0.710618775;;;;;;;
2026-07;Q1;SM;Proyeccion;Avance proyectado;0.755210497;;;;;;;
2026-07;Q2;SM;Proyeccion;Avance proyectado;0.79254973;;;;;;;
2025-08;Q2;SM;Certificados;Avance inicial;0.006947897;;;;;;;
2025-09;Q1;SM;Certificados;Avance inicial;0.025389485;;;;;;;
2025-09;Q2;SM;Certificados;Avance inicial;0.047976669;;;;;;;
2025-10;Q1;SM;Certificados;Avance inicial;0.071131994;;;;;;;
2025-10;Q2;SM;Certificados;Avance inicial;0.113166351;;;;;;;
2025-11;Q1;SM;Certificados;Avance inicial;0.145225276;;;;;;;
2025-11;Q2;SM;Certificados;Avance inicial;0.172792972;;;;;;;
2025-12;Q2;SM;Certificados;Avance inicial;0.238323002;;;;;;;
2026-01;Q1;SM;Certificados;Avance inicial;0.264724167;;;;;;;
2026-01;Q2;SM;Certificados;Avance inicial;0.28843771;;;;;;;
2026-02;Q1;SM;Certificados;Avance inicial;0.314346461;;;;;;;
2026-02;Q2;SM;Certificados;Avance inicial;0.343868595;;;;;;;
2026-03;Q1;SM;Certificados;Avance inicial;0.371948377;;;;;;;
2026-03;Q2;SM;Certificados;Avance inicial;0.393554457;;;;;;;
2026-04;Q1;SM;Certificados;Avance inicial;0.426215807;;;;;;;
2026-04;Q2;SM;Certificados;Avance inicial;0.471285596;;;;;;;
2026-05;Q1;SM;Certificados;Avance inicial;0.523324055;;;;;;;
2026-05;Q2;SM;Certificados;Avance inicial;0.578174472;;;;;;;
2026-06;Q1;SM;Certificados;Avance inicial;0.6423588;;;;;;;
2026-06;Q2;SM;Certificados;Avance inicial;0.683078835;;;;;;;
2026-07;Q1;SM;Certificados;Avance inicial;0.709680719;;;;;;;
2026-07;Q2;SM;Certificados;Avance inicial;0.748887935;;;;;;;
2026-08;Q1;SM;Certificados;Avance inicial;0.811740105;;;;;;;
2026-08;Q2;SM;Certificados;Avance inicial;0.846565995;;;;;;;
2026-02;Q1;SUP;Horas;Hs reales;60;;;;;;;
2026-02;Q2;SUP;Horas;Hs reales;328;;;;;;;
2026-03;Q1;SUP;Horas;Hs reales;612;;;;;;;
2026-03;Q2;SUP;Horas;Hs reales;591;;;;;;;
2026-04;Q1;SUP;Horas;Hs reales;640;;;;;;;
2026-04;Q2;SUP;Horas;Hs reales;579;;;;;;;
2026-05;Q1;SUP;Horas;Hs reales;463;;;;;;;
2026-05;Q2;SUP;Horas;Hs reales;613;;;;;;;
2026-06;Q1;SUP;Horas;Hs reales;342;;;;;;;
2026-06;Q2;SUP;Horas;Hs reales;552;;;;;;;
2026-07;Q1;SUP;Horas;Hs reales;633;;;;;;;
2026-02;Q1;SUP;Productividad;Martella;0.925304552;;;;;;;
2026-02;Q2;SUP;Productividad;Martella;0.926534051;;;;;;;
2026-03;Q1;SUP;Productividad;Martella;0.981049806;;;;;;;
2026-03;Q2;SUP;Productividad;Martella;0.945229083;;;;;;;
2026-04;Q1;SUP;Productividad;Martella;0.954968149;;;;;;;
2026-04;Q2;SUP;Productividad;Martella;0.944497124;;;;;;;
2026-05;Q1;SUP;Productividad;Martella;0.883740174;;;;;;;
2026-05;Q2;SUP;Productividad;Martella;0.947467424;;;;;;;
2026-06;Q1;SUP;Productividad;Martella;0.861856439;;;;;;;
2026-06;Q2;SUP;Productividad;Martella;0.945672004;;;;;;;
2026-07;Q1;SUP;Productividad;Martella;0.937783129;;;;;;;
2026-07;Q2;SUP;Productividad;Martella;0;;;;;;;
2026-02;Q1;SUP;Productividad;The Rock;1.016221931;;;;;;;
2026-02;Q2;SUP;Productividad;The Rock;1.016221931;;;;;;;
2026-03;Q1;SUP;Productividad;The Rock;0.403022569;;;;;;;
2026-03;Q2;SUP;Productividad;The Rock;0.403022569;;;;;;;
2026-04;Q1;SUP;Productividad;The Rock;1.044323216;;;;;;;
2026-04;Q2;SUP;Productividad;The Rock;1.044323216;;;;;;;
2026-05;Q1;SUP;Productividad;The Rock;0.761700743;;;;;;;
2026-05;Q2;SUP;Productividad;The Rock;0.761700743;;;;;;;
2026-06;Q1;SUP;Productividad;The Rock;1.398199105;;;;;;;
2026-06;Q2;SUP;Productividad;The Rock;1.398199105;;;;;;;
2026-02;;SUP;Productividad;Martella pond mensual;0.926343922;;;;;;;
2026-03;;SUP;Productividad;Martella pond mensual;0.963452094;;;;;;;
2026-04;;SUP;Productividad;Martella pond mensual;0.949994627;;;;;;;
2026-05;;SUP;Productividad;Martella pond mensual;0.920045754;;;;;;;
2026-06;;SUP;Productividad;Martella pond mensual;0.913608331;;;;;;;
2026-02;;SUP;Productividad;The Rock pond mensual;1.016221931;;;;;;;
2026-03;;SUP;Productividad;The Rock pond mensual;0.403022569;;;;;;;
2026-04;;SUP;Productividad;The Rock pond mensual;1.044323216;;;;;;;
2026-05;;SUP;Productividad;The Rock pond mensual;0.761700743;;;;;;;
2026-06;;SUP;Productividad;The Rock pond mensual;1.398199105;;;;;;;
2026-07;;SUP;Productividad;The Rock pond mensual;0;;;;;;;
2026-02;;SUP;Productividad;Martella pond acumulado;0.926343922;;;;;;;
2026-03;;SUP;Productividad;Martella pond acumulado;0.954402458;;;;;;;
2026-04;;SUP;Productividad;Martella pond acumulado;0.952490306;;;;;;;
2026-05;;SUP;Productividad;Martella pond acumulado;0.943506689;;;;;;;
2026-06;;SUP;Productividad;Martella pond acumulado;0.93791482;;;;;;;
2026-02;;SUP;Productividad;The Rock pond acumulado;1.016221931;;;;;;;
2026-03;;SUP;Productividad;The Rock pond acumulado;0.552564588;;;;;;;
2026-04;;SUP;Productividad;The Rock pond acumulado;0.765893331;;;;;;;
2026-05;;SUP;Productividad;The Rock pond acumulado;0.764732439;;;;;;;
2026-06;;SUP;Productividad;The Rock pond acumulado;0.883209259;;;;;;;
2026-02;;SUP;;Pase licitacion;1.34;;;;;;;
2026-03;;SUP;;Pase licitacion;1.34;;;;;;;
2026-04;;SUP;;Pase licitacion;1.27;;;;;;;
2026-05;;SUP;;Pase licitacion;1.27;;;;;;;
2026-06;;SUP;;Pase licitacion;1.29;;;;;;;
2026-02;;SUP;Pases;Pase esperado;1.35;;;;;;;
2026-03;;SUP;Pases;Pase esperado;1.18;;;;;;;
2026-04;;SUP;Pases;Pase esperado;1.25;;;;;;;
2026-05;;SUP;Pases;Pase esperado;1.18;;;;;;;
2026-06;;SUP;Pases;Pase esperado;1.15;;;;;;;
2026-02;;SUP;Pases;Coef de pase;0.992592593;;;;;;;
2026-03;;SUP;Pases;Coef de pase;1.13559322;;;;;;;
2026-04;;SUP;Pases;Coef de pase;1.016;;;;;;;
2026-05;;SUP;Pases;Coef de pase;1.08;;;;;;;
2026-06;;SUP;Pases;Coef de pase;1.12173913;;;;;;;
2026-02;;SUP;Certificados;Certificado real;13495446.82;$;;;;;;
2026-03;;SUP;Certificados;Certificado real;16500314;$;;;;;;
2026-04;;SUP;Certificados;Certificado real;39439108;$;;;;;;
2026-05;;SUP;Certificados;Certificado real;16622123.15;$;;;;;;
2026-06;;SUP;Certificados;Certificado real;22616154.16;$;;;;;;
2026-02;;SUP;Certificados;Certificado previsto;13495517.37;$;;;;;;
2026-03;;SUP;Certificados;Certificado previsto;20313940.45;$;;;;;;
2026-04;;SUP;Certificados;Certificado previsto;39802739.9;$;;;;;;
2026-05;;SUP;Certificados;Certificado previsto;24982417.15;$;;;;;;
2026-06;;SUP;Certificados;Certificado previsto;40743133.54;$;;;;;;
2026-07;;SUP;Certificados;Certificado previsto;40329025.85;$;;;;;;
2026-02;;SUP;Certificados;Avance acumulado;0.193348447;;;;;;;
2026-03;;SUP;Certificados;Avance acumulado;0.429747443;;;;;;;
2026-04;;SUP;Certificados;Avance acumulado;0.994789146;;;;;;;
2026-05;;SUP;Certificados;Avance acumulado;0.156731786;;;;;;;
2026-06;;SUP;Certificados;Avance acumulado;0.369981151;;;;;;;
2026-04;;SUP;Proyeccion;Avance proyectado;1;;;;;;;
2026-05;;SUP;Proyeccion;Avance proyectado;0.2355;;;;;;;
2026-06;;SUP;Proyeccion;Avance proyectado;0.619733281;;;;;;;
2026-07;;SUP;Proyeccion;Avance proyectado;1;;;;;;;
2026-02;;SUP;Certificados;Avance inicial;0.193348447;;;;;;;
2026-03;;SUP;Certificados;Avance inicial;0.429747443;;;;;;;
2026-04;;SUP;Certificados;Avance inicial;1;;;;;;;
2026-05;;SUP;Certificados;Avance inicial;0.2355;;;;;;;
2026-06;;SUP;Certificados;Avance inicial;0.619733281;;;;;;;
2026-07;;SUP;Certificados;Avance inicial;1;;;;;;;
